,lat,lon,cad,name,type,ele,time,hr
0,31.0556147,121.0375784,56.0,Saturday Morning Run,running,6.0,2023-07-01T02:11:49.829Z,
1,31.0555775,121.037609,77.0,Saturday Morning Run,running,6.0,2023-07-01T02:11:55.999Z,
2,31.0555284,121.0376425,73.0,Saturday Morning Run,running,6.0,2023-07-01T02:11:57.999Z,
3,31.0554822,121.037689,72.0,Saturday Morning Run,running,6.0,2023-07-01T02:11:59.999Z,
4,31.0554343,121.0377295,72.0,Saturday Morning Run,running,6.0,2023-07-01T02:12:01.999Z,
5,31.0553823,121.0377738,76.0,Saturday Morning Run,running,6.0,2023-07-01T02:12:03.999Z,
6,31.0553363,121.0378177,78.0,Saturday Morning Run,running,6.0,2023-07-01T02:12:05.999Z,141.0
7,31.0552884,121.0378565,78.0,Saturday Morning Run,running,6.0,2023-07-01T02:12:07.999Z,141.0
8,31.0552435,121.037897,84.0,Saturday Morning Run,running,6.0,2023-07-01T02:12:09.999Z,142.0
9,31.0551873,121.0379375,91.0,Saturday Morning Run,running,6.0,2023-07-01T02:12:11.999Z,142.0
10,31.0551404,121.0379804,91.0,Saturday Morning Run,running,6.0,2023-07-01T02:12:13.999Z,142.0
11,31.0550964,121.0380241,90.0,Saturday Morning Run,running,6.0,2023-07-01T02:12:15.999Z,142.0
12,31.0550461,121.0380711,90.0,Saturday Morning Run,running,6.0,2023-07-01T02:12:17.999Z,142.0
13,31.0550198,121.0381137,92.0,Saturday Morning Run,running,6.0,2023-07-01T02:12:19.999Z,142.0
14,31.0549802,121.0381654,90.0,Saturday Morning Run,running,6.0,2023-07-01T02:12:21.999Z,142.0
15,31.0549475,121.0382026,88.0,Saturday Morning Run,running,6.0,2023-07-01T02:12:23.999Z,142.0
16,31.0549163,121.0382466,89.0,Saturday Morning Run,running,6.0,2023-07-01T02:12:25.999Z,157.0
17,31.0548642,121.0382941,93.0,Saturday Morning Run,running,6.0,2023-07-01T02:12:27.999Z,157.0
18,31.0548252,121.0383392,93.0,Saturday Morning Run,running,6.0,2023-07-01T02:12:29.999Z,157.0
19,31.054791,121.0383866,93.0,Saturday Morning Run,running,6.0,2023-07-01T02:12:31.999Z,160.0
20,31.0547675,121.0384336,93.0,Saturday Morning Run,running,6.0,2023-07-01T02:12:33.999Z,160.0
21,31.0547354,121.0384934,93.0,Saturday Morning Run,running,6.0,2023-07-01T02:12:35.999Z,160.0
22,31.0547227,121.0385456,92.0,Saturday Morning Run,running,6.0,2023-07-01T02:12:37.999Z,160.0
23,31.0547116,121.0386137,90.0,Saturday Morning Run,running,6.0,2023-07-01T02:12:39.999Z,160.0
24,31.0546933,121.0386812,92.0,Saturday Morning Run,running,6.0,2023-07-01T02:12:41.999Z,164.0
25,31.0546841,121.0387484,94.0,Saturday Morning Run,running,6.0,2023-07-01T02:12:43.999Z,164.0
26,31.0546759,121.0388232,93.0,Saturday Morning Run,running,6.0,2023-07-01T02:12:45.999Z,164.0
27,31.0546651,121.0388969,93.0,Saturday Morning Run,running,6.0,2023-07-01T02:12:47.999Z,165.0
28,31.0546571,121.0389602,93.0,Saturday Morning Run,running,6.0,2023-07-01T02:12:49.999Z,165.0
29,31.054658,121.0390257,93.0,Saturday Morning Run,running,6.0,2023-07-01T02:12:51.999Z,165.0
30,31.054647,121.0390992,91.0,Saturday Morning Run,running,6.0,2023-07-01T02:12:53.999Z,165.0
31,31.0546449,121.0391615,92.0,Saturday Morning Run,running,6.0,2023-07-01T02:12:55.998Z,165.0
32,31.0546333,121.0392229,90.0,Saturday Morning Run,running,6.0,2023-07-01T02:12:57.998Z,165.0
33,31.0546362,121.0392961,89.0,Saturday Morning Run,running,6.0,2023-07-01T02:12:59.998Z,165.0
34,31.0546382,121.0393554,93.0,Saturday Morning Run,running,6.0,2023-07-01T02:13:01.998Z,165.0
35,31.0546244,121.0394295,94.0,Saturday Morning Run,running,6.0,2023-07-01T02:13:03.998Z,165.0
36,31.0546107,121.0394864,95.0,Saturday Morning Run,running,6.0,2023-07-01T02:13:05.998Z,165.0
37,31.0545913,121.0395513,91.0,Saturday Morning Run,running,6.0,2023-07-01T02:13:07.998Z,165.0
38,31.0545769,121.039607,92.0,Saturday Morning Run,running,6.0,2023-07-01T02:13:09.998Z,165.0
39,31.0545562,121.0396728,94.0,Saturday Morning Run,running,6.0,2023-07-01T02:13:11.999Z,165.0
40,31.0545444,121.0397424,94.0,Saturday Morning Run,running,6.0,2023-07-01T02:13:14.999Z,165.0
41,31.0545498,121.0397953,94.0,Saturday Morning Run,running,6.0,2023-07-01T02:13:16.999Z,165.0
42,31.0545529,121.0398716,90.0,Saturday Morning Run,running,6.0,2023-07-01T02:13:19.999Z,165.0
43,31.0545355,121.039927,90.0,Saturday Morning Run,running,6.0,2023-07-01T02:13:21.999Z,165.0
44,31.0545097,121.039997,94.0,Saturday Morning Run,running,6.0,2023-07-01T02:13:23.999Z,165.0
45,31.054502,121.0400544,94.0,Saturday Morning Run,running,6.0,2023-07-01T02:13:25.999Z,165.0
46,31.05447,121.040118,90.0,Saturday Morning Run,running,6.0,2023-07-01T02:13:27.999Z,165.0
47,31.054437,121.0401726,89.0,Saturday Morning Run,running,6.0,2023-07-01T02:13:29.999Z,165.0
48,31.0544195,121.0402306,89.0,Saturday Morning Run,running,6.0,2023-07-01T02:13:31.999Z,165.0
49,31.0543919,121.0402813,91.0,Saturday Morning Run,running,6.0,2023-07-01T02:13:33.999Z,165.0
50,31.0543515,121.040334,91.0,Saturday Morning Run,running,6.0,2023-07-01T02:13:35.999Z,165.0
51,31.0543206,121.0403894,90.0,Saturday Morning Run,running,6.0,2023-07-01T02:13:37.999Z,165.0
52,31.0542941,121.0404409,91.0,Saturday Morning Run,running,6.0,2023-07-01T02:13:39.999Z,165.0
53,31.0542661,121.0405122,92.0,Saturday Morning Run,running,6.0,2023-07-01T02:13:41.999Z,165.0
54,31.0542423,121.0405753,92.0,Saturday Morning Run,running,6.0,2023-07-01T02:13:43.999Z,165.0
55,31.0542212,121.0406365,87.0,Saturday Morning Run,running,6.0,2023-07-01T02:13:45.999Z,165.0
56,31.0542063,121.0406969,87.0,Saturday Morning Run,running,6.0,2023-07-01T02:13:47.999Z,165.0
57,31.0541898,121.0407494,93.0,Saturday Morning Run,running,6.0,2023-07-01T02:13:49.999Z,165.0
58,31.0541807,121.0408084,91.0,Saturday Morning Run,running,6.0,2023-07-01T02:13:51.999Z,165.0
59,31.0541631,121.0408743,92.0,Saturday Morning Run,running,6.0,2023-07-01T02:13:53.999Z,165.0
60,31.0541406,121.0409289,91.0,Saturday Morning Run,running,6.0,2023-07-01T02:13:55.999Z,165.0
61,31.0541282,121.0409802,92.0,Saturday Morning Run,running,6.0,2023-07-01T02:13:57.999Z,165.0
62,31.0541057,121.0410355,92.0,Saturday Morning Run,running,6.0,2023-07-01T02:13:59.999Z,165.0
63,31.0540869,121.0410854,92.0,Saturday Morning Run,running,6.0,2023-07-01T02:14:01.999Z,165.0
64,31.0540424,121.0411415,92.0,Saturday Morning Run,running,6.0,2023-07-01T02:14:03.999Z,165.0
65,31.0540206,121.0412015,89.0,Saturday Morning Run,running,6.0,2023-07-01T02:14:05.999Z,165.0
66,31.0539952,121.041253,92.0,Saturday Morning Run,running,6.0,2023-07-01T02:14:07.999Z,165.0
67,31.0539648,121.0413109,92.0,Saturday Morning Run,running,6.0,2023-07-01T02:14:09.999Z,165.0
68,31.0539439,121.0413645,92.0,Saturday Morning Run,running,6.0,2023-07-01T02:14:11.999Z,165.0
69,31.0539081,121.0414229,97.0,Saturday Morning Run,running,6.0,2023-07-01T02:14:13.999Z,165.0
70,31.0538763,121.0414809,97.0,Saturday Morning Run,running,6.0,2023-07-01T02:14:15.999Z,140.0
71,31.053846,121.0415393,93.0,Saturday Morning Run,running,6.0,2023-07-01T02:14:17.999Z,140.0
72,31.0538135,121.0415962,92.0,Saturday Morning Run,running,6.0,2023-07-01T02:14:19.999Z,140.0
73,31.0537935,121.0416545,90.0,Saturday Morning Run,running,6.0,2023-07-01T02:14:21.999Z,140.0
74,31.0537651,121.0417099,91.0,Saturday Morning Run,running,6.0,2023-07-01T02:14:23.999Z,140.0
75,31.0537413,121.0417664,94.0,Saturday Morning Run,running,6.0,2023-07-01T02:14:25.999Z,142.0
76,31.0537191,121.0418181,94.0,Saturday Morning Run,running,6.0,2023-07-01T02:14:27.999Z,142.0
77,31.053699,121.0418732,94.0,Saturday Morning Run,running,6.0,2023-07-01T02:14:29.999Z,142.0
78,31.0536883,121.0419244,89.0,Saturday Morning Run,running,6.0,2023-07-01T02:14:31.999Z,138.0
79,31.0536731,121.0419775,91.0,Saturday Morning Run,running,6.0,2023-07-01T02:14:33.999Z,138.0
80,31.0536496,121.0420309,92.0,Saturday Morning Run,running,6.0,2023-07-01T02:14:35.999Z,139.0
81,31.0536271,121.0420772,94.0,Saturday Morning Run,running,6.0,2023-07-01T02:14:37.999Z,139.0
82,31.0536022,121.0421369,94.0,Saturday Morning Run,running,6.0,2023-07-01T02:14:39.999Z,139.0
83,31.0535885,121.0421924,94.0,Saturday Morning Run,running,6.0,2023-07-01T02:14:41.999Z,142.0
84,31.053559,121.0422476,90.0,Saturday Morning Run,running,6.0,2023-07-01T02:14:43.999Z,142.0
85,31.0535386,121.0422997,90.0,Saturday Morning Run,running,6.0,2023-07-01T02:14:46.000Z,142.0
86,31.0535145,121.0423552,91.0,Saturday Morning Run,running,6.0,2023-07-01T02:14:48.000Z,142.0
87,31.05349,121.0424101,92.0,Saturday Morning Run,running,6.0,2023-07-01T02:14:50.000Z,142.0
88,31.053463,121.0424672,93.0,Saturday Morning Run,running,6.0,2023-07-01T02:14:52.000Z,142.0
89,31.0534388,121.0425243,98.0,Saturday Morning Run,running,6.0,2023-07-01T02:14:54.000Z,142.0
90,31.0534136,121.0425775,93.0,Saturday Morning Run,running,6.0,2023-07-01T02:14:56.000Z,142.0
91,31.0533893,121.0426328,90.0,Saturday Morning Run,running,6.0,2023-07-01T02:14:58.000Z,142.0
92,31.0533762,121.0426886,91.0,Saturday Morning Run,running,6.0,2023-07-01T02:15:00.000Z,142.0
93,31.0533401,121.0427613,96.0,Saturday Morning Run,running,6.0,2023-07-01T02:15:03.000Z,140.0
94,31.0533305,121.0428149,96.0,Saturday Morning Run,running,6.0,2023-07-01T02:15:05.000Z,140.0
95,31.0533228,121.0428729,95.0,Saturday Morning Run,running,6.0,2023-07-01T02:15:07.000Z,139.0
96,31.0533094,121.0429234,95.0,Saturday Morning Run,running,6.0,2023-07-01T02:15:09.000Z,139.0
97,31.0532836,121.0429816,91.0,Saturday Morning Run,running,6.0,2023-07-01T02:15:11.000Z,139.0
98,31.0532643,121.043042,91.0,Saturday Morning Run,running,6.0,2023-07-01T02:15:13.000Z,139.0
99,31.0532439,121.0430931,95.0,Saturday Morning Run,running,6.0,2023-07-01T02:15:15.000Z,139.0
100,31.0532259,121.0431497,97.0,Saturday Morning Run,running,6.0,2023-07-01T02:15:17.000Z,139.0
101,31.0532053,121.0432241,93.0,Saturday Morning Run,running,6.0,2023-07-01T02:15:20.000Z,139.0
102,31.0531884,121.0432856,91.0,Saturday Morning Run,running,6.0,2023-07-01T02:15:22.000Z,139.0
103,31.0531501,121.0433333,89.0,Saturday Morning Run,running,6.0,2023-07-01T02:15:24.000Z,139.0
104,31.053125,121.0433948,94.0,Saturday Morning Run,running,6.0,2023-07-01T02:15:26.000Z,139.0
105,31.0531001,121.043452,96.0,Saturday Morning Run,running,6.0,2023-07-01T02:15:28.000Z,139.0
106,31.0530756,121.0435064,94.0,Saturday Morning Run,running,6.0,2023-07-01T02:15:30.000Z,139.0
107,31.0530515,121.0435654,93.0,Saturday Morning Run,running,6.0,2023-07-01T02:15:32.000Z,140.0
108,31.0530243,121.0436273,92.0,Saturday Morning Run,running,6.0,2023-07-01T02:15:34.000Z,140.0
109,31.0529911,121.043682,90.0,Saturday Morning Run,running,6.0,2023-07-01T02:15:36.000Z,140.0
110,31.0529668,121.04373,89.0,Saturday Morning Run,running,6.0,2023-07-01T02:15:38.000Z,141.0
111,31.0529328,121.043781,88.0,Saturday Morning Run,running,6.0,2023-07-01T02:15:40.000Z,141.0
112,31.0529058,121.0438357,88.0,Saturday Morning Run,running,6.0,2023-07-01T02:15:42.000Z,144.0
113,31.0528729,121.0438809,88.0,Saturday Morning Run,running,6.0,2023-07-01T02:15:44.000Z,144.0
114,31.0528327,121.0439334,89.0,Saturday Morning Run,running,6.0,2023-07-01T02:15:47.000Z,141.0
115,31.0528587,121.043883,93.0,Saturday Morning Run,running,6.0,2023-07-01T02:15:50.000Z,141.0
116,31.0528963,121.0438247,95.0,Saturday Morning Run,running,6.0,2023-07-01T02:15:53.000Z,141.0
117,31.052928,121.0437717,93.0,Saturday Morning Run,running,6.0,2023-07-01T02:15:55.000Z,141.0
118,31.0529498,121.043723,90.0,Saturday Morning Run,running,6.0,2023-07-01T02:15:57.000Z,142.0
119,31.0529807,121.0436669,91.0,Saturday Morning Run,running,6.0,2023-07-01T02:15:59.000Z,142.0
120,31.0530061,121.0436137,88.0,Saturday Morning Run,running,6.0,2023-07-01T02:16:01.000Z,142.0
121,31.0530282,121.0435607,86.0,Saturday Morning Run,running,6.0,2023-07-01T02:16:03.000Z,143.0
122,31.0530492,121.0434992,90.0,Saturday Morning Run,running,6.0,2023-07-01T02:16:05.000Z,143.0
123,31.0530694,121.0434416,93.0,Saturday Morning Run,running,6.0,2023-07-01T02:16:07.000Z,143.0
124,31.0530953,121.0433785,94.0,Saturday Morning Run,running,6.0,2023-07-01T02:16:10.000Z,143.0
125,31.0531249,121.0433057,94.0,Saturday Morning Run,running,6.0,2023-07-01T02:16:13.000Z,143.0
126,31.0531384,121.0432534,96.0,Saturday Morning Run,running,6.0,2023-07-01T02:16:15.000Z,143.0
127,31.0531585,121.0431986,96.0,Saturday Morning Run,running,6.0,2023-07-01T02:16:17.000Z,145.0
128,31.0531738,121.0431456,93.0,Saturday Morning Run,running,6.0,2023-07-01T02:16:19.000Z,145.0
129,31.053193,121.0430873,89.0,Saturday Morning Run,running,6.0,2023-07-01T02:16:21.000Z,145.0
130,31.0532166,121.0430392,89.0,Saturday Morning Run,running,6.0,2023-07-01T02:16:23.000Z,145.0
131,31.0532409,121.0429778,90.0,Saturday Morning Run,running,6.0,2023-07-01T02:16:25.000Z,145.0
132,31.0532607,121.0429282,94.0,Saturday Morning Run,running,6.0,2023-07-01T02:16:27.000Z,149.0
133,31.0532822,121.0428731,94.0,Saturday Morning Run,running,6.0,2023-07-01T02:16:29.000Z,149.0
134,31.0532999,121.0428221,91.0,Saturday Morning Run,running,6.0,2023-07-01T02:16:31.000Z,149.0
135,31.0533257,121.0427667,92.0,Saturday Morning Run,running,6.0,2023-07-01T02:16:33.000Z,150.0
136,31.0533494,121.0427005,96.0,Saturday Morning Run,running,6.0,2023-07-01T02:16:35.000Z,150.0
137,31.0533729,121.0426523,96.0,Saturday Morning Run,running,6.0,2023-07-01T02:16:37.000Z,147.0
138,31.0533978,121.042584,92.0,Saturday Morning Run,running,6.0,2023-07-01T02:16:39.000Z,147.0
139,31.053418,121.0425232,92.0,Saturday Morning Run,running,6.0,2023-07-01T02:16:41.000Z,149.0
140,31.0534423,121.042466,89.0,Saturday Morning Run,running,6.0,2023-07-01T02:16:43.000Z,149.0
141,31.0534663,121.0424152,89.0,Saturday Morning Run,running,6.0,2023-07-01T02:16:45.000Z,149.0
142,31.053486,121.0423557,89.0,Saturday Morning Run,running,6.0,2023-07-01T02:16:47.000Z,148.0
143,31.0535088,121.0422961,93.0,Saturday Morning Run,running,6.0,2023-07-01T02:16:49.000Z,148.0
144,31.053525,121.0422406,97.0,Saturday Morning Run,running,6.0,2023-07-01T02:16:51.000Z,150.0
145,31.0535478,121.0421885,93.0,Saturday Morning Run,running,6.0,2023-07-01T02:16:53.000Z,150.0
146,31.0535736,121.0421327,91.0,Saturday Morning Run,running,6.0,2023-07-01T02:16:55.000Z,150.0
147,31.0536101,121.0420737,89.0,Saturday Morning Run,running,6.0,2023-07-01T02:16:58.000Z,146.0
148,31.0536337,121.0420173,94.0,Saturday Morning Run,running,6.0,2023-07-01T02:17:00.000Z,146.0
149,31.0536555,121.0419486,98.0,Saturday Morning Run,running,6.0,2023-07-01T02:17:02.000Z,147.0
150,31.0536755,121.041877,92.0,Saturday Morning Run,running,6.0,2023-07-01T02:17:04.000Z,147.0
151,31.053701,121.0418092,88.0,Saturday Morning Run,running,6.0,2023-07-01T02:17:06.000Z,148.0
152,31.0537244,121.0417614,89.0,Saturday Morning Run,running,6.0,2023-07-01T02:17:08.000Z,148.0
153,31.053748,121.0416949,99.0,Saturday Morning Run,running,6.0,2023-07-01T02:17:10.000Z,148.0
154,31.0537684,121.0416447,95.0,Saturday Morning Run,running,6.0,2023-07-01T02:17:12.000Z,147.0
155,31.0537812,121.0415718,92.0,Saturday Morning Run,running,6.0,2023-07-01T02:17:14.000Z,147.0
156,31.0538095,121.0415179,92.0,Saturday Morning Run,running,6.0,2023-07-01T02:17:16.000Z,147.0
157,31.0538313,121.0414668,92.0,Saturday Morning Run,running,6.0,2023-07-01T02:17:18.000Z,147.0
158,31.0538482,121.0414102,92.0,Saturday Morning Run,running,6.0,2023-07-01T02:17:20.000Z,147.0
159,31.0538691,121.0413522,94.0,Saturday Morning Run,running,6.0,2023-07-01T02:17:22.000Z,147.0
160,31.0538975,121.0412919,97.0,Saturday Morning Run,running,6.0,2023-07-01T02:17:24.000Z,147.0
161,31.0539109,121.0412232,92.0,Saturday Morning Run,running,6.0,2023-07-01T02:17:26.000Z,147.0
162,31.0539366,121.0411686,89.0,Saturday Morning Run,running,6.0,2023-07-01T02:17:28.000Z,148.0
163,31.0539534,121.0411188,89.0,Saturday Morning Run,running,6.0,2023-07-01T02:17:30.000Z,148.0
164,31.0539715,121.0410676,92.0,Saturday Morning Run,running,6.0,2023-07-01T02:17:32.000Z,149.0
165,31.0539898,121.0410158,96.0,Saturday Morning Run,running,6.0,2023-07-01T02:17:34.000Z,149.0
166,31.0540102,121.0409588,93.0,Saturday Morning Run,running,6.0,2023-07-01T02:17:36.000Z,149.0
167,31.0540469,121.0408743,89.0,Saturday Morning Run,running,6.0,2023-07-01T02:17:39.000Z,150.0
168,31.0540746,121.0408166,94.0,Saturday Morning Run,running,6.0,2023-07-01T02:17:41.000Z,150.0
169,31.0541001,121.0407612,94.0,Saturday Morning Run,running,6.0,2023-07-01T02:17:43.000Z,149.0
170,31.0541212,121.0406999,94.0,Saturday Morning Run,running,6.0,2023-07-01T02:17:45.000Z,149.0
171,31.0541441,121.0406433,94.0,Saturday Morning Run,running,6.0,2023-07-01T02:17:47.000Z,148.0
172,31.0541689,121.040587,89.0,Saturday Morning Run,running,6.0,2023-07-01T02:17:49.000Z,148.0
173,31.0541899,121.0405319,88.0,Saturday Morning Run,running,6.0,2023-07-01T02:17:51.000Z,148.0
174,31.054216,121.0404753,89.0,Saturday Morning Run,running,6.0,2023-07-01T02:17:53.000Z,149.0
175,31.0542349,121.0404124,94.0,Saturday Morning Run,running,6.0,2023-07-01T02:17:55.000Z,149.0
176,31.0542612,121.040351,97.0,Saturday Morning Run,running,6.0,2023-07-01T02:17:58.000Z,150.0
177,31.0542859,121.0402902,92.0,Saturday Morning Run,running,6.0,2023-07-01T02:18:00.000Z,150.0
178,31.0543103,121.0402338,88.0,Saturday Morning Run,running,6.0,2023-07-01T02:18:02.000Z,150.0
179,31.0543351,121.0401788,88.0,Saturday Morning Run,running,6.0,2023-07-01T02:18:04.000Z,150.0
180,31.0543576,121.040131,92.0,Saturday Morning Run,running,6.0,2023-07-01T02:18:06.000Z,150.0
181,31.0543748,121.0400727,96.0,Saturday Morning Run,running,6.0,2023-07-01T02:18:08.000Z,151.0
182,31.0543949,121.0400164,96.0,Saturday Morning Run,running,6.0,2023-07-01T02:18:10.000Z,151.0
183,31.0544205,121.0399488,95.0,Saturday Morning Run,running,6.0,2023-07-01T02:18:12.000Z,151.0
184,31.0544443,121.0398935,91.0,Saturday Morning Run,running,6.0,2023-07-01T02:18:14.000Z,151.0
185,31.054469,121.0398179,91.0,Saturday Morning Run,running,6.0,2023-07-01T02:18:17.000Z,151.0
186,31.0544905,121.0397553,96.0,Saturday Morning Run,running,6.0,2023-07-01T02:18:19.000Z,151.0
187,31.0545165,121.0397113,99.0,Saturday Morning Run,running,6.0,2023-07-01T02:18:21.000Z,151.0
188,31.0545361,121.0396507,95.0,Saturday Morning Run,running,6.0,2023-07-01T02:18:23.000Z,151.0
189,31.0545521,121.0395884,91.0,Saturday Morning Run,running,6.0,2023-07-01T02:18:25.000Z,151.0
190,31.0545725,121.0395164,90.0,Saturday Morning Run,running,6.0,2023-07-01T02:18:27.000Z,151.0
191,31.0545758,121.039458,95.0,Saturday Morning Run,running,6.0,2023-07-01T02:18:29.000Z,151.0
192,31.0545879,121.0393916,96.0,Saturday Morning Run,running,6.0,2023-07-01T02:18:31.000Z,151.0
193,31.0545887,121.0393361,96.0,Saturday Morning Run,running,6.0,2023-07-01T02:18:33.000Z,151.0
194,31.05459,121.0392734,94.0,Saturday Morning Run,running,6.0,2023-07-01T02:18:35.000Z,151.0
195,31.0545941,121.0392167,93.0,Saturday Morning Run,running,6.0,2023-07-01T02:18:37.000Z,151.0
196,31.0545905,121.0391487,90.0,Saturday Morning Run,running,6.0,2023-07-01T02:18:39.000Z,151.0
197,31.0545896,121.0390951,91.0,Saturday Morning Run,running,6.0,2023-07-01T02:18:41.000Z,151.0
198,31.0545798,121.0390402,95.0,Saturday Morning Run,running,6.0,2023-07-01T02:18:43.000Z,150.0
199,31.0545814,121.0389741,95.0,Saturday Morning Run,running,6.0,2023-07-01T02:18:45.000Z,150.0
200,31.0545927,121.0389016,92.0,Saturday Morning Run,running,6.0,2023-07-01T02:18:47.000Z,150.0
201,31.0545944,121.0388418,93.0,Saturday Morning Run,running,6.0,2023-07-01T02:18:49.000Z,150.0
202,31.0545902,121.0387847,94.0,Saturday Morning Run,running,6.0,2023-07-01T02:18:51.000Z,150.0
203,31.0545965,121.0387159,98.0,Saturday Morning Run,running,6.0,2023-07-01T02:18:54.000Z,150.0
204,31.054595,121.0386296,92.0,Saturday Morning Run,running,6.0,2023-07-01T02:18:57.000Z,150.0
205,31.0546081,121.0385761,90.0,Saturday Morning Run,running,6.0,2023-07-01T02:18:59.000Z,150.0
206,31.054635,121.0385047,93.0,Saturday Morning Run,running,6.0,2023-07-01T02:19:01.001Z,150.0
207,31.0546703,121.0384388,95.0,Saturday Morning Run,running,6.0,2023-07-01T02:19:04.001Z,150.0
208,31.0547053,121.0383983,94.0,Saturday Morning Run,running,6.0,2023-07-01T02:19:06.001Z,150.0
209,31.0547439,121.0383571,93.0,Saturday Morning Run,running,6.0,2023-07-01T02:19:08.001Z,150.0
210,31.0547806,121.0383141,92.0,Saturday Morning Run,running,6.0,2023-07-01T02:19:10.001Z,150.0
211,31.0548175,121.0382705,93.0,Saturday Morning Run,running,6.0,2023-07-01T02:19:12.001Z,150.0
212,31.0548527,121.0382324,94.0,Saturday Morning Run,running,6.0,2023-07-01T02:19:14.001Z,150.0
213,31.054902,121.0381747,94.0,Saturday Morning Run,running,6.0,2023-07-01T02:19:17.001Z,149.0
214,31.0549391,121.0381399,92.0,Saturday Morning Run,running,6.0,2023-07-01T02:19:19.001Z,149.0
215,31.0549753,121.0380914,88.0,Saturday Morning Run,running,6.0,2023-07-01T02:19:21.001Z,151.0
216,31.0550201,121.0380441,88.0,Saturday Morning Run,running,6.0,2023-07-01T02:19:23.001Z,151.0
217,31.0550679,121.0380145,91.0,Saturday Morning Run,running,6.0,2023-07-01T02:19:25.000Z,151.0
218,31.0551043,121.0379667,96.0,Saturday Morning Run,running,6.0,2023-07-01T02:19:27.000Z,151.0
219,31.0551432,121.0379181,93.0,Saturday Morning Run,running,6.0,2023-07-01T02:19:29.000Z,151.0
220,31.0551958,121.0378735,91.0,Saturday Morning Run,running,6.0,2023-07-01T02:19:31.000Z,151.0
221,31.0552417,121.0378475,90.0,Saturday Morning Run,running,6.0,2023-07-01T02:19:33.000Z,151.0
222,31.0553152,121.0378155,86.0,Saturday Morning Run,running,6.0,2023-07-01T02:19:35.181Z,151.0
223,31.0553309,121.0377507,93.0,Saturday Morning Run,running,6.0,2023-07-01T02:19:37.181Z,152.0
224,31.055392,121.0377154,92.0,Saturday Morning Run,running,6.0,2023-07-01T02:19:39.188Z,152.0
225,31.0554533,121.0376782,86.0,Saturday Morning Run,running,6.0,2023-07-01T02:19:40.998Z,152.0
226,31.0554952,121.0376432,86.0,Saturday Morning Run,running,6.0,2023-07-01T02:19:42.998Z,152.0
227,31.0555351,121.0376186,92.0,Saturday Morning Run,running,6.0,2023-07-01T02:19:44.998Z,152.0
228,31.0555904,121.0375574,90.0,Saturday Morning Run,running,6.0,2023-07-01T02:19:47.998Z,153.0
229,31.0556313,121.0374718,86.0,Saturday Morning Run,running,6.0,2023-07-01T02:19:48.998Z,153.0
230,31.0556746,121.03744,86.0,Saturday Morning Run,running,6.0,2023-07-01T02:19:50.998Z,153.0
231,31.0557227,121.0373972,91.0,Saturday Morning Run,running,6.0,2023-07-01T02:19:52.998Z,151.0
232,31.0557798,121.0373622,95.0,Saturday Morning Run,running,6.0,2023-07-01T02:19:54.998Z,151.0
233,31.0558211,121.037333,96.0,Saturday Morning Run,running,6.0,2023-07-01T02:19:56.998Z,152.0
234,31.0558538,121.0372905,96.0,Saturday Morning Run,running,6.0,2023-07-01T02:19:58.998Z,152.0
235,31.0558856,121.0372453,89.0,Saturday Morning Run,running,6.0,2023-07-01T02:20:00.998Z,152.0
236,31.0559253,121.0371829,91.0,Saturday Morning Run,running,6.0,2023-07-01T02:20:03.998Z,151.0
237,31.0559668,121.0371471,92.0,Saturday Morning Run,running,6.0,2023-07-01T02:20:05.998Z,151.0
238,31.0560095,121.0371072,96.0,Saturday Morning Run,running,6.0,2023-07-01T02:20:07.998Z,153.0
239,31.056053,121.0370687,96.0,Saturday Morning Run,running,6.0,2023-07-01T02:20:09.998Z,153.0
240,31.0560865,121.0370202,92.0,Saturday Morning Run,running,6.0,2023-07-01T02:20:11.998Z,156.0
241,31.0561144,121.0369687,93.0,Saturday Morning Run,running,6.0,2023-07-01T02:20:13.999Z,156.0
242,31.0561595,121.0369418,96.0,Saturday Morning Run,running,6.0,2023-07-01T02:20:15.999Z,156.0
243,31.0561946,121.0368999,99.0,Saturday Morning Run,running,6.0,2023-07-01T02:20:17.999Z,158.0
244,31.0562422,121.0368339,98.0,Saturday Morning Run,running,6.0,2023-07-01T02:20:20.999Z,158.0
245,31.0562792,121.0367934,93.0,Saturday Morning Run,running,6.0,2023-07-01T02:20:22.999Z,156.0
246,31.0563261,121.0367361,91.0,Saturday Morning Run,running,6.0,2023-07-01T02:20:24.999Z,156.0
247,31.0563489,121.0366737,90.0,Saturday Morning Run,running,6.0,2023-07-01T02:20:26.999Z,155.0
248,31.0563798,121.0366165,94.0,Saturday Morning Run,running,6.0,2023-07-01T02:20:28.999Z,155.0
249,31.0564089,121.0365578,98.0,Saturday Morning Run,running,6.0,2023-07-01T02:20:30.999Z,155.0
250,31.0564275,121.0364871,94.0,Saturday Morning Run,running,6.0,2023-07-01T02:20:32.999Z,156.0
251,31.0564459,121.0364173,91.0,Saturday Morning Run,running,6.0,2023-07-01T02:20:34.999Z,156.0
252,31.0564576,121.0363564,93.0,Saturday Morning Run,running,6.0,2023-07-01T02:20:36.999Z,155.0
253,31.0564828,121.0362926,96.0,Saturday Morning Run,running,6.0,2023-07-01T02:20:38.999Z,155.0
254,31.056511,121.0362316,93.0,Saturday Morning Run,running,6.0,2023-07-01T02:20:40.999Z,155.0
255,31.0565331,121.0361745,93.0,Saturday Morning Run,running,6.0,2023-07-01T02:20:42.999Z,157.0
256,31.0565667,121.0361231,93.0,Saturday Morning Run,running,6.0,2023-07-01T02:20:44.999Z,157.0
257,31.0565948,121.0360777,93.0,Saturday Morning Run,running,6.0,2023-07-01T02:20:46.999Z,161.0
258,31.0566348,121.0360368,94.0,Saturday Morning Run,running,6.0,2023-07-01T02:20:48.999Z,161.0
259,31.0566736,121.0359916,95.0,Saturday Morning Run,running,6.0,2023-07-01T02:20:50.999Z,161.0
260,31.0567052,121.0359378,95.0,Saturday Morning Run,running,7.0,2023-07-01T02:20:52.999Z,161.0
261,31.0567462,121.0358925,93.0,Saturday Morning Run,running,7.0,2023-07-01T02:20:54.999Z,161.0
262,31.0567749,121.0358365,93.0,Saturday Morning Run,running,7.0,2023-07-01T02:20:56.999Z,161.0
263,31.0568184,121.0357933,90.0,Saturday Morning Run,running,7.0,2023-07-01T02:20:58.999Z,161.0
264,31.0568572,121.035757,93.0,Saturday Morning Run,running,7.0,2023-07-01T02:21:00.999Z,161.0
265,31.0568899,121.0357061,91.0,Saturday Morning Run,running,7.0,2023-07-01T02:21:02.999Z,160.0
266,31.0569275,121.0356663,87.0,Saturday Morning Run,running,7.0,2023-07-01T02:21:04.999Z,160.0
267,31.0569566,121.0356122,87.0,Saturday Morning Run,running,7.0,2023-07-01T02:21:06.999Z,160.0
268,31.0569999,121.035564,91.0,Saturday Morning Run,running,7.0,2023-07-01T02:21:08.999Z,160.0
269,31.0570318,121.0355136,95.0,Saturday Morning Run,running,7.0,2023-07-01T02:21:10.999Z,160.0
270,31.0570645,121.0354444,90.0,Saturday Morning Run,running,7.0,2023-07-01T02:21:13.999Z,160.0
271,31.0570975,121.0354006,86.0,Saturday Morning Run,running,6.0,2023-07-01T02:21:15.999Z,160.0
272,31.0571364,121.0353565,87.0,Saturday Morning Run,running,6.0,2023-07-01T02:21:17.999Z,160.0
273,31.0571756,121.0353174,91.0,Saturday Morning Run,running,6.0,2023-07-01T02:21:19.999Z,160.0
274,31.0572164,121.0352848,94.0,Saturday Morning Run,running,6.0,2023-07-01T02:21:21.999Z,160.0
275,31.0572722,121.0352578,91.0,Saturday Morning Run,running,6.0,2023-07-01T02:21:23.999Z,160.0
276,31.0573216,121.0352287,87.0,Saturday Morning Run,running,6.0,2023-07-01T02:21:25.999Z,160.0
277,31.0573834,121.0351945,87.0,Saturday Morning Run,running,6.0,2023-07-01T02:21:27.999Z,160.0
278,31.0574366,121.0351607,88.0,Saturday Morning Run,running,6.0,2023-07-01T02:21:29.999Z,160.0
279,31.0574868,121.0351271,89.0,Saturday Morning Run,running,6.0,2023-07-01T02:21:31.999Z,161.0
280,31.0575311,121.035105,92.0,Saturday Morning Run,running,6.0,2023-07-01T02:21:33.999Z,161.0
281,31.0575697,121.0350681,92.0,Saturday Morning Run,running,6.0,2023-07-01T02:21:35.999Z,160.0
282,31.0576041,121.0350188,92.0,Saturday Morning Run,running,6.0,2023-07-01T02:21:37.999Z,160.0
283,31.057634,121.0349709,88.0,Saturday Morning Run,running,6.0,2023-07-01T02:21:39.999Z,160.0
284,31.0576883,121.0349125,89.0,Saturday Morning Run,running,6.0,2023-07-01T02:21:43.000Z,159.0
285,31.0577246,121.034873,92.0,Saturday Morning Run,running,6.0,2023-07-01T02:21:45.000Z,159.0
286,31.0577645,121.0348077,92.0,Saturday Morning Run,running,6.0,2023-07-01T02:21:48.000Z,159.0
287,31.0577965,121.0347623,91.0,Saturday Morning Run,running,6.0,2023-07-01T02:21:50.000Z,159.0
288,31.0578226,121.0347095,88.0,Saturday Morning Run,running,6.0,2023-07-01T02:21:52.000Z,157.0
289,31.0578535,121.0346672,88.0,Saturday Morning Run,running,6.0,2023-07-01T02:21:54.000Z,157.0
290,31.0578863,121.0346044,92.0,Saturday Morning Run,running,6.0,2023-07-01T02:21:56.000Z,157.0
291,31.0579216,121.0345664,91.0,Saturday Morning Run,running,6.0,2023-07-01T02:21:58.000Z,154.0
292,31.0579517,121.0345179,88.0,Saturday Morning Run,running,6.0,2023-07-01T02:22:00.000Z,154.0
293,31.0580005,121.0344649,91.0,Saturday Morning Run,running,6.0,2023-07-01T02:22:02.000Z,154.0
294,31.0580285,121.0344085,87.0,Saturday Morning Run,running,6.0,2023-07-01T02:22:04.000Z,154.0
295,31.0580683,121.0343746,87.0,Saturday Morning Run,running,6.0,2023-07-01T02:22:06.000Z,154.0
296,31.0581142,121.0343122,87.0,Saturday Morning Run,running,6.0,2023-07-01T02:22:08.000Z,155.0
297,31.0581591,121.0342657,85.0,Saturday Morning Run,running,6.0,2023-07-01T02:22:10.000Z,155.0
298,31.0581468,121.0343417,89.0,Saturday Morning Run,running,6.0,2023-07-01T02:22:13.000Z,157.0
299,31.0581073,121.0344094,88.0,Saturday Morning Run,running,6.0,2023-07-01T02:22:16.000Z,157.0
300,31.0580666,121.0344513,83.0,Saturday Morning Run,running,6.0,2023-07-01T02:22:18.000Z,157.0
301,31.0580236,121.0344946,82.0,Saturday Morning Run,running,6.0,2023-07-01T02:22:20.000Z,157.0
302,31.0580001,121.0345404,85.0,Saturday Morning Run,running,6.0,2023-07-01T02:22:22.000Z,158.0
303,31.057965,121.034574,85.0,Saturday Morning Run,running,6.0,2023-07-01T02:22:24.000Z,158.0
304,31.0579382,121.0346211,83.0,Saturday Morning Run,running,6.0,2023-07-01T02:22:26.000Z,158.0
305,31.0578996,121.034653,83.0,Saturday Morning Run,running,6.0,2023-07-01T02:22:28.000Z,156.0
306,31.0578637,121.0347118,85.0,Saturday Morning Run,running,6.0,2023-07-01T02:22:30.000Z,156.0
307,31.0578409,121.0347578,90.0,Saturday Morning Run,running,6.0,2023-07-01T02:22:32.000Z,156.0
308,31.0578082,121.0348089,90.0,Saturday Morning Run,running,6.0,2023-07-01T02:22:34.000Z,156.0
309,31.057772,121.0348465,88.0,Saturday Morning Run,running,6.0,2023-07-01T02:22:36.000Z,156.0
310,31.057744,121.0348893,86.0,Saturday Morning Run,running,6.0,2023-07-01T02:22:38.000Z,156.0
311,31.0577176,121.0349367,87.0,Saturday Morning Run,running,6.0,2023-07-01T02:22:40.000Z,156.0
312,31.0576872,121.0349841,90.0,Saturday Morning Run,running,6.0,2023-07-01T02:22:42.000Z,156.0
313,31.0576536,121.0350227,89.0,Saturday Morning Run,running,6.0,2023-07-01T02:22:44.000Z,156.0
314,31.0576185,121.0350683,91.0,Saturday Morning Run,running,6.0,2023-07-01T02:22:46.000Z,156.0
315,31.0575718,121.0351178,91.0,Saturday Morning Run,running,6.0,2023-07-01T02:22:48.000Z,155.0
316,31.0575239,121.0351528,91.0,Saturday Morning Run,running,6.0,2023-07-01T02:22:50.000Z,155.0
317,31.0574684,121.0351868,91.0,Saturday Morning Run,running,6.0,2023-07-01T02:22:52.000Z,154.0
318,31.057407,121.035207,90.0,Saturday Morning Run,running,6.0,2023-07-01T02:22:54.000Z,154.0
319,31.057349,121.0352292,93.0,Saturday Morning Run,running,6.0,2023-07-01T02:22:56.000Z,154.0
320,31.0572922,121.0352626,96.0,Saturday Morning Run,running,6.0,2023-07-01T02:22:58.000Z,155.0
321,31.0572391,121.0352992,93.0,Saturday Morning Run,running,6.0,2023-07-01T02:23:00.000Z,155.0
322,31.0571913,121.0353386,86.0,Saturday Morning Run,running,6.0,2023-07-01T02:23:02.000Z,155.0
323,31.0571456,121.0353786,91.0,Saturday Morning Run,running,6.0,2023-07-01T02:23:04.000Z,155.0
324,31.0571084,121.0354163,95.0,Saturday Morning Run,running,6.0,2023-07-01T02:23:06.000Z,155.0
325,31.0570618,121.0354754,94.0,Saturday Morning Run,running,6.0,2023-07-01T02:23:09.000Z,154.0
326,31.0570343,121.0355193,91.0,Saturday Morning Run,running,6.0,2023-07-01T02:23:11.000Z,154.0
327,31.0570034,121.0355617,88.0,Saturday Morning Run,running,6.0,2023-07-01T02:23:13.000Z,152.0
328,31.0569586,121.0356124,88.0,Saturday Morning Run,running,7.0,2023-07-01T02:23:15.000Z,152.0
329,31.0569106,121.0356611,92.0,Saturday Morning Run,running,7.0,2023-07-01T02:23:17.000Z,152.0
330,31.056878,121.035719,95.0,Saturday Morning Run,running,7.0,2023-07-01T02:23:19.000Z,152.0
331,31.0568559,121.035783,91.0,Saturday Morning Run,running,7.0,2023-07-01T02:23:21.000Z,152.0
332,31.0568245,121.0358376,90.0,Saturday Morning Run,running,8.0,2023-07-01T02:23:23.000Z,152.0
333,31.0567996,121.0358887,90.0,Saturday Morning Run,running,8.0,2023-07-01T02:23:25.000Z,152.0
334,31.0567548,121.0359425,90.0,Saturday Morning Run,running,8.0,2023-07-01T02:23:27.000Z,161.0
335,31.0567136,121.0359829,89.0,Saturday Morning Run,running,7.0,2023-07-01T02:23:29.000Z,161.0
336,31.0566787,121.0360219,89.0,Saturday Morning Run,running,7.0,2023-07-01T02:23:31.000Z,164.0
337,31.0566361,121.0360703,86.0,Saturday Morning Run,running,7.0,2023-07-01T02:23:33.000Z,164.0
338,31.0565932,121.0361321,89.0,Saturday Morning Run,running,7.0,2023-07-01T02:23:35.000Z,164.0
339,31.0565515,121.0361873,90.0,Saturday Morning Run,running,6.0,2023-07-01T02:23:37.000Z,164.0
340,31.0565132,121.0362419,92.0,Saturday Morning Run,running,6.0,2023-07-01T02:23:39.000Z,164.0
341,31.0564715,121.0362921,92.0,Saturday Morning Run,running,6.0,2023-07-01T02:23:41.000Z,164.0
342,31.0564506,121.0363507,92.0,Saturday Morning Run,running,6.0,2023-07-01T02:23:43.000Z,164.0
343,31.0564471,121.0364327,90.0,Saturday Morning Run,running,6.0,2023-07-01T02:23:45.000Z,164.0
344,31.0564337,121.0364985,89.0,Saturday Morning Run,running,6.0,2023-07-01T02:23:47.000Z,164.0
345,31.0564118,121.0365519,92.0,Saturday Morning Run,running,6.0,2023-07-01T02:23:49.000Z,164.0
346,31.0563887,121.036608,92.0,Saturday Morning Run,running,6.0,2023-07-01T02:23:51.000Z,165.0
347,31.0563791,121.0366683,92.0,Saturday Morning Run,running,6.0,2023-07-01T02:23:53.000Z,165.0
348,31.0563681,121.0367304,93.0,Saturday Morning Run,running,6.0,2023-07-01T02:23:55.000Z,165.0
349,31.0563347,121.0367827,93.0,Saturday Morning Run,running,6.0,2023-07-01T02:23:57.000Z,165.0
350,31.056279,121.0368353,94.0,Saturday Morning Run,running,6.0,2023-07-01T02:24:00.000Z,165.0
351,31.0562324,121.036892,93.0,Saturday Morning Run,running,6.0,2023-07-01T02:24:03.000Z,165.0
352,31.0561979,121.0369509,93.0,Saturday Morning Run,running,6.0,2023-07-01T02:24:05.000Z,165.0
353,31.0561567,121.0369988,88.0,Saturday Morning Run,running,6.0,2023-07-01T02:24:07.000Z,166.0
354,31.0561129,121.0370417,91.0,Saturday Morning Run,running,6.0,2023-07-01T02:24:09.000Z,166.0
355,31.0560724,121.0370907,89.0,Saturday Morning Run,running,6.0,2023-07-01T02:24:11.000Z,166.0
356,31.0560314,121.0371331,90.0,Saturday Morning Run,running,6.0,2023-07-01T02:24:13.000Z,164.0
357,31.0560046,121.0371884,91.0,Saturday Morning Run,running,6.0,2023-07-01T02:24:15.000Z,164.0
358,31.0559565,121.0372359,91.0,Saturday Morning Run,running,6.0,2023-07-01T02:24:17.000Z,163.0
359,31.0559227,121.0372737,90.0,Saturday Morning Run,running,6.0,2023-07-01T02:24:19.000Z,163.0
360,31.0558889,121.0373194,86.0,Saturday Morning Run,running,6.0,2023-07-01T02:24:21.000Z,163.0
361,31.0558489,121.0373489,81.0,Saturday Morning Run,running,6.0,2023-07-01T02:24:23.000Z,163.0
